panel,config,scenario_id,run_index,elapsed_s,ego_speed_kph,ttc_s,bumper_gap_m,brake_cmd,aeb_override,fusion_gate_action,collision_count
ghost,safe_fallback,holdout_ghost_6pt_center,1,0.05,77.061,,,0.0,0,radar_no_brake,0
ghost,safe_fallback,holdout_ghost_6pt_center,1,0.1,77.065,,,0.0,0,radar_no_brake,0
ghost,safe_fallback,holdout_ghost_6pt_center,1,0.15,78.368,0.8901,,1.0,1,radar_emergency_fallback,0
ghost,safe_fallback,holdout_ghost_6pt_center,1,0.2,78.05,0.8901,,1.0,1,radar_emergency_fallback_hold,0
ghost,safe_fallback,holdout_ghost_6pt_center,1,0.25,77.438,0.8901,,1.0,1,radar_emergency_fallback_hold,0
ghost,safe_fallback,holdout_ghost_6pt_center,1,0.3,76.382,0.8901,,1.0,1,radar_emergency_fallback_hold,0
ghost,safe_fallback,holdout_ghost_6pt_center,1,0.35,74.91,0.8901,,1.0,1,radar_emergency_fallback_hold,0
ghost,safe_fallback,holdout_ghost_6pt_center,1,0.4,73.3,0.8901,,1.0,1,radar_emergency_fallback_hold,0
ghost,safe_fallback,holdout_ghost_6pt_center,1,0.45,71.676,0.8901,,1.0,1,radar_emergency_fallback_hold,0
ghost,safe_fallback,holdout_ghost_6pt_center,1,0.5,70.052,0.8901,,1.0,1,radar_emergency_fallback_hold,0
ghost,safe_fallback,holdout_ghost_6pt_center,1,0.55,68.43,0.8901,,1.0,1,radar_emergency_fallback_hold,0
ghost,safe_fallback,holdout_ghost_6pt_center,1,0.6,66.809,0.8901,,1.0,1,radar_emergency_fallback_hold,0
ghost,safe_fallback,holdout_ghost_6pt_center,1,0.65,65.191,0.8901,,1.0,1,radar_emergency_fallback_hold,0
ghost,safe_fallback,holdout_ghost_6pt_center,1,0.7,63.573,0.8901,,0.925,1,radar_emergency_fallback_hold,0
ghost,safe_fallback,holdout_ghost_6pt_center,1,0.75,62.025,0.8901,,0.9,1,radar_emergency_fallback_hold,0
ghost,safe_fallback,holdout_ghost_6pt_center,1,0.8,60.549,0.8901,,0.9,1,radar_emergency_fallback_hold,0
ghost,safe_fallback,holdout_ghost_6pt_center,1,0.85,59.093,0.8901,,0.8917,1,radar_emergency_fallback_hold,0
ghost,safe_fallback,holdout_ghost_6pt_center,1,0.9,57.648,0.8901,,0.8167,1,radar_emergency_fallback_hold,0
ghost,safe_fallback,holdout_ghost_6pt_center,1,0.95,56.28,0.8901,,0.75,1,radar_emergency_fallback_hold,0
ghost,safe_fallback,holdout_ghost_6pt_center,1,1.0,55.025,0.8901,,0.75,1,radar_emergency_fallback_hold,0
ghost,safe_fallback,holdout_ghost_6pt_center,1,1.05,53.81,0.8901,,0.75,1,radar_emergency_fallback_hold,0
ghost,safe_fallback,holdout_ghost_6pt_center,1,1.1,52.597,0.8901,,0.75,1,radar_emergency_fallback_hold,0
ghost,safe_fallback,holdout_ghost_6pt_center,1,1.15,51.385,0.8901,,0.75,1,radar_emergency_fallback_hold,0
ghost,safe_fallback,holdout_ghost_6pt_center,1,1.2,50.175,0.8901,,0.75,1,radar_emergency_fallback_hold,0
ghost,safe_fallback,holdout_ghost_6pt_center,1,1.25,48.966,0.8901,,0.75,1,radar_emergency_fallback_hold,0
ghost,safe_fallback,holdout_ghost_6pt_center,1,1.3,47.758,0.8901,,0.75,1,radar_emergency_fallback_hold,0
ghost,safe_fallback,holdout_ghost_6pt_center,1,1.35,46.551,0.8901,,0.75,1,radar_emergency_fallback_hold,0
ghost,safe_fallback,holdout_ghost_6pt_center,1,1.4,45.345,0.8901,,0.75,1,radar_emergency_fallback_hold,0
ghost,safe_fallback,holdout_ghost_6pt_center,1,1.45,44.141,0.8901,,0.75,1,radar_emergency_fallback_hold,0
ghost,safe_fallback,holdout_ghost_6pt_center,1,1.5,42.937,0.8901,,0.75,1,radar_emergency_fallback_hold,0
ghost,safe_fallback,holdout_ghost_6pt_center,1,1.55,41.735,0.8901,,0.75,1,radar_emergency_fallback_hold,0
ghost,safe_fallback,holdout_ghost_6pt_center,1,1.6,40.534,0.8901,,0.75,1,radar_emergency_fallback_hold,0
ghost,safe_fallback,holdout_ghost_6pt_center,1,1.65,39.333,0.8901,,0.75,1,radar_emergency_fallback_hold,0
ghost,safe_fallback,holdout_ghost_6pt_center,1,1.7,38.134,0.8901,,0.75,1,radar_emergency_fallback_hold,0
ghost,safe_fallback,holdout_ghost_6pt_center,1,1.75,36.936,0.8901,,0.75,1,radar_emergency_fallback_hold,0
ghost,safe_fallback,holdout_ghost_6pt_center,1,1.8,35.739,0.8901,,0.75,1,radar_emergency_fallback_hold,0
ghost,safe_fallback,holdout_ghost_6pt_center,1,1.85,34.544,0.8901,,0.75,1,radar_emergency_fallback_hold,0
ghost,safe_fallback,holdout_ghost_6pt_center,1,1.9,33.349,0.8901,,0.75,1,radar_emergency_fallback_hold,0
ghost,safe_fallback,holdout_ghost_6pt_center,1,1.95,32.155,0.8901,,0.75,1,radar_emergency_fallback_hold,0
ghost,safe_fallback,holdout_ghost_6pt_center,1,2.0,30.962,0.8901,,0.75,1,radar_emergency_fallback_hold,0
ghost,safe_fallback,holdout_ghost_6pt_center,1,2.05,29.77,0.8901,,0.75,1,radar_emergency_fallback_hold,0
ghost,safe_fallback,holdout_ghost_6pt_center,1,2.1,28.579,0.8886,,0.75,1,radar_emergency_fallback_hold,0
ghost,safe_fallback,holdout_ghost_6pt_center,1,2.15,27.39,0.8886,,0.75,1,radar_emergency_fallback_hold,0
ghost,safe_fallback,holdout_ghost_6pt_center,1,2.2,26.201,,,0.75,1,radar_emergency_fallback_hold,0
ghost,safe_fallback,holdout_ghost_6pt_center,1,2.25,25.013,,,0.75,1,radar_emergency_fallback_hold,0
ghost,safe_fallback,holdout_ghost_6pt_center,1,2.3,23.826,,,0.75,1,radar_emergency_fallback_hold,0
ghost,safe_fallback,holdout_ghost_6pt_center,1,2.35,22.64,,,0.75,1,radar_emergency_fallback_hold,0
ghost,safe_fallback,holdout_ghost_6pt_center,1,2.4,21.455,,,0.75,1,radar_emergency_fallback_hold,0
ghost,safe_fallback,holdout_ghost_6pt_center,1,2.45,20.271,,,0.75,1,radar_emergency_fallback_hold,0
ghost,safe_fallback,holdout_ghost_6pt_center,1,2.5,19.088,,,0.75,1,radar_emergency_fallback_hold,0
ghost,safe_fallback,holdout_ghost_6pt_center,1,2.55,17.905,,,0.75,1,radar_emergency_fallback_hold,0
ghost,safe_fallback,holdout_ghost_6pt_center,1,2.6,16.725,,,0.75,1,radar_emergency_fallback_hold,0
ghost,safe_fallback,holdout_ghost_6pt_center,1,2.65,15.544,,,0.75,1,radar_emergency_fallback_hold,0
ghost,safe_fallback,holdout_ghost_6pt_center,1,2.7,14.364,,,0.75,1,radar_emergency_fallback_hold,0
ghost,safe_fallback,holdout_ghost_6pt_center,1,2.75,13.185,,,0.75,1,radar_emergency_fallback_hold,0
ghost,safe_fallback,holdout_ghost_6pt_center,1,2.8,12.007,,,0.75,1,radar_emergency_fallback_hold,0
ghost,safe_fallback,holdout_ghost_6pt_center,1,2.85,10.83,,,0.75,1,radar_emergency_fallback_hold,0
ghost,safe_fallback,holdout_ghost_6pt_center,1,2.9,9.654,,,0.75,1,radar_emergency_fallback_hold,0
ghost,safe_fallback,holdout_ghost_6pt_center,1,2.95,8.478,,,0.75,1,radar_emergency_fallback_hold,0
ghost,safe_fallback,holdout_ghost_6pt_center,1,3.0,7.303,,,0.75,1,radar_emergency_fallback_hold,0
ghost,safe_fallback,holdout_ghost_6pt_center,1,3.05,6.129,,,0.75,1,radar_emergency_fallback_hold,0
ghost,safe_fallback,holdout_ghost_6pt_center,1,3.1,4.956,,,0.75,1,radar_emergency_fallback_hold,0
ghost,safe_fallback,holdout_ghost_6pt_center,1,3.15,3.783,,,0.75,1,radar_emergency_fallback_hold,0
ghost,safe_fallback,holdout_ghost_6pt_center,1,3.2,2.617,,,0.75,1,radar_emergency_fallback_hold,0
ghost,safe_fallback,holdout_ghost_6pt_center,1,3.25,0.689,,,0.75,1,radar_emergency_fallback_hold,0
ghost,safe_fallback,holdout_ghost_6pt_center,1,3.3,0.0,,,0.75,1,radar_emergency_fallback_hold,0
ghost,safe_fallback,holdout_ghost_6pt_center,1,3.35,0.001,,,0.75,1,radar_emergency_fallback_hold,0
ghost,safe_fallback,holdout_ghost_6pt_center,1,3.4,0.001,,,0.75,1,radar_emergency_fallback_hold,0
ghost,safe_fallback,holdout_ghost_6pt_center,1,3.45,0.001,,,0.75,1,radar_emergency_fallback_hold,0
ghost,safe_fallback,holdout_ghost_6pt_center,1,3.5,0.0,,,0.75,1,radar_emergency_fallback_hold,0
ghost,safe_fallback,holdout_ghost_6pt_center,1,3.55,0.0,,,0.75,1,radar_emergency_fallback_hold,0
ghost,safe_fallback,holdout_ghost_6pt_center,1,3.6,0.0,,,0.75,1,radar_emergency_fallback_hold,0
ghost,safe_fallback,holdout_ghost_6pt_center,1,3.65,0.0,,,0.75,1,radar_emergency_fallback_hold,0
ghost,safe_fallback,holdout_ghost_6pt_center,1,3.7,0.0,,,0.75,1,radar_emergency_fallback_hold,0
bench,hard_gate,holdout_bench_center_v60_g22,1,0.05,56.983,,20.9132,0.0,0,radar_no_brake,0
bench,hard_gate,holdout_bench_center_v60_g22,1,0.1,57.0,,20.1051,0.0,0,radar_no_brake,0
bench,hard_gate,holdout_bench_center_v60_g22,1,0.15,58.702,,19.2867,0.0,0,radar_no_brake,0
bench,hard_gate,holdout_bench_center_v60_g22,1,0.2,59.898,,18.4543,0.0,0,radar_no_brake,0
bench,hard_gate,holdout_bench_center_v60_g22,1,0.25,59.944,,17.6213,0.0,0,radar_no_brake,0
bench,hard_gate,holdout_bench_center_v60_g22,1,0.3,59.945,,16.7884,0.0,0,radar_no_brake,0
bench,hard_gate,holdout_bench_center_v60_g22,1,0.35,59.945,,15.9554,0.0,0,radar_no_brake,0
bench,hard_gate,holdout_bench_center_v60_g22,1,0.4,59.945,,15.1225,0.0,0,radar_no_brake,0
bench,hard_gate,holdout_bench_center_v60_g22,1,0.45,59.945,,14.2895,0.0,0,radar_no_brake,0
bench,hard_gate,holdout_bench_center_v60_g22,1,0.5,59.945,,13.4566,0.0,0,radar_no_brake,0
bench,hard_gate,holdout_bench_center_v60_g22,1,0.55,59.945,0.8369,12.6237,0.0,0,fusion_blocked_brake,0
bench,hard_gate,holdout_bench_center_v60_g22,1,0.6,59.945,0.7864,11.7908,0.0,0,fusion_blocked_brake,0
bench,hard_gate,holdout_bench_center_v60_g22,1,0.65,59.945,0.6503,10.9579,0.0,0,fusion_blocked_brake,0
bench,hard_gate,holdout_bench_center_v60_g22,1,0.7,59.945,0.6869,10.1251,0.0,0,fusion_blocked_brake,0
bench,hard_gate,holdout_bench_center_v60_g22,1,0.75,59.945,0.6365,9.2922,0.0,0,fusion_blocked_brake,0
bench,hard_gate,holdout_bench_center_v60_g22,1,0.8,59.945,,8.4593,0.0,0,fusion_blocked_brake,0
bench,hard_gate,holdout_bench_center_v60_g22,1,0.85,59.945,0.4516,7.6264,0.0,0,fusion_blocked_brake,0
bench,hard_gate,holdout_bench_center_v60_g22,1,0.9,59.945,0.4006,6.7935,0.0,0,fusion_blocked_brake,0
bench,hard_gate,holdout_bench_center_v60_g22,1,0.95,59.945,0.3507,5.9606,0.0,0,fusion_blocked_brake,0
bench,hard_gate,holdout_bench_center_v60_g22,1,1.0,59.945,0.3004,5.1277,0.0,0,fusion_blocked_brake,0
bench,hard_gate,holdout_bench_center_v60_g22,1,1.05,59.945,0.2505,4.2949,0.0,0,fusion_blocked_brake,0
bench,hard_gate,holdout_bench_center_v60_g22,1,1.1,59.945,0.2004,3.462,0.0,0,fusion_blocked_brake,0
bench,hard_gate,holdout_bench_center_v60_g22,1,1.15,59.945,0.1514,2.6291,0.0,0,fusion_blocked_brake,0
bench,hard_gate,holdout_bench_center_v60_g22,1,1.2,59.945,0.101,1.7962,0.0,0,fusion_blocked_brake,0
bench,hard_gate,holdout_bench_center_v60_g22,1,1.25,59.945,0.1371,0.9634,0.0,0,fusion_blocked_brake,0
bench,hard_gate,holdout_bench_center_v60_g22,1,1.3,59.945,0.0892,0.1305,0.0,0,fusion_blocked_brake,0
bench,hard_gate,holdout_bench_center_v60_g22,1,1.35,16.663,,0.1492,0.0,0,fusion_blocked_brake,1
