scenario_id,family,runs,pass,fail,collision,brake,mixed_outcome,first_brake_s_mean,first_brake_s_std,first_brake_s_min,first_brake_s_max,first_brake_s_range,brake_gap_m_mean,brake_gap_m_std,brake_gap_m_min,brake_gap_m_max,brake_gap_m_range,minimum_bumper_gap_m_mean,minimum_bumper_gap_m_std,minimum_bumper_gap_m_min,minimum_bumper_gap_m_max,minimum_bumper_gap_m_range,maximum_deceleration_mps2_mean,maximum_deceleration_mps2_std,maximum_deceleration_mps2_min,maximum_deceleration_mps2_max,maximum_deceleration_mps2_range,maximum_abs_jerk_mps3_mean,maximum_abs_jerk_mps3_std,maximum_abs_jerk_mps3_min,maximum_abs_jerk_mps3_max,maximum_abs_jerk_mps3_range,target_confirmed_rate_pct_mean,target_confirmed_rate_pct_std,target_confirmed_rate_pct_min,target_confirmed_rate_pct_max,target_confirmed_rate_pct_range,radar_target_hazard_match_rate_pct_mean,radar_target_hazard_match_rate_pct_std,radar_target_hazard_match_rate_pct_min,radar_target_hazard_match_rate_pct_max,radar_target_hazard_match_rate_pct_range
ccrb_110_gap_20,CCRb,5,0,5,5,5,False,2.1,0.0,2.1,2.1,0.0,18.569,0.011027239001672445,18.562,18.591,0.028999999999999915,0.0508,0.03661365865356807,0.004,0.082,0.078,251.0308,0.7864854480535518,250.573,252.599,2.025999999999982,4802.218,15.728584322818064,4793.064,4833.58,40.51599999999962,94.81400000000001,0.4920000000000016,93.83,95.06,1.230000000000004,100.0,0.0,100.0,100.0,0.0
ccrb_110_gap_30,CCRb,5,5,0,0,5,False,2.25,0.0,2.25,2.25,0.0,27.449,0.0,27.449,27.449,0.0,1.6552,0.002227105745132003,1.653,1.659,0.006000000000000005,11.982,0.0,11.982,11.982,0.0,224.6216,5.955323319518431,216.684,230.342,13.658000000000015,94.39,0.0,94.39,94.39,0.0,100.0,0.0,100.0,100.0,0.0
ccrb_110_gap_40,CCRb,5,5,0,0,5,False,2.45,0.0,2.45,2.45,0.0,35.5524,0.003006659275675137,35.55,35.558,0.008000000000002672,4.153,0.03890501253052108,4.106,4.196,0.08999999999999986,11.968,0.0,11.968,11.968,0.0,218.886,0.949503449177512,217.086,219.774,2.687999999999988,94.64,0.0,94.64,94.64,0.0,100.0,0.0,100.0,100.0,0.0
ccrb_110_gap_50,CCRb,5,5,0,0,5,False,2.65,0.0,2.65,2.65,0.0,43.132400000000004,0.012986146464598365,43.124,43.158,0.03399999999999892,6.4618,0.04997359302671759,6.415,6.558,0.1429999999999998,12.5804,0.36762295902187636,11.975,12.878,0.9030000000000005,227.786,49.76933277430992,128.614,255.604,126.99000000000001,94.87,0.0,94.87,94.87,0.0,100.0,0.0,100.0,100.0,0.0
ccrb_110_gap_60,CCRb,5,5,0,0,5,False,2.85,0.0,2.85,2.85,0.0,50.1488,0.010264501936283274,50.142,50.169,0.026999999999993918,8.2234,0.0052383203414832465,8.217,8.232,0.014999999999998792,12.0916,0.40519999999999995,11.889,12.902,1.013,166.0316,46.0928545160744,133.962,256.034,122.072,95.12,0.0,95.12,95.12,0.0,100.0,0.0,100.0,100.0,0.0
ccrb_110_gap_80,CCRb,5,5,0,0,5,False,3.25,0.0,3.25,3.25,0.0,62.5202,0.032603067340358255,62.495,62.577,0.08200000000000074,10.4688,0.037177412497375356,10.414,10.501,0.08699999999999974,11.146,0.0,11.146,11.146,0.0,267.75440000000003,156.2780505197067,131.784,458.966,327.182,61.59,0.0,61.59,61.59,0.0,100.0,0.0,100.0,100.0,0.0
ccrb_50_gap_20,CCRb,5,5,0,0,5,False,2.3,0.0,2.3,2.3,0.0,17.0104,0.01630460057775109,17.002,17.043,0.04100000000000037,6.929,0.014505171491575162,6.912,6.956,0.04400000000000048,11.3312,0.1319263430858295,11.105,11.462,0.3569999999999993,226.47,2.643912857868049,221.936,229.092,7.156000000000006,97.56,0.0,97.56,97.56,0.0,100.0,0.0,100.0,100.0,0.0
ccrb_50_gap_30,CCRb,5,5,0,0,5,False,2.95,0.0,2.95,2.95,0.0,20.0902,0.0004000000000004889,20.09,20.091,0.0010000000000012221,7.3908,0.0011661903789691144,7.39,7.393,0.0030000000000001137,9.896600000000001,0.08320000000000007,9.855,10.063,0.20800000000000018,157.2384,11.814085247703266,139.122,172.984,33.861999999999995,93.75,0.0,93.75,93.75,0.0,100.0,0.0,100.0,100.0,0.0
ccrb_50_gap_40,CCRb,5,5,0,0,5,False,3.65,0.0,3.65,3.65,0.0,20.3692,0.0019390719429664097,20.367,20.372,0.004999999999999005,7.5584,0.0017435595774161997,7.556,7.561,0.004999999999999893,10.0648,0.2582381846280676,9.851,10.554,0.7029999999999994,197.5832,8.912333799852874,185.188,210.944,25.756,50.0,0.0,50.0,50.0,0.0,100.0,0.0,100.0,100.0,0.0
ccrb_50_gap_50,CCRb,5,5,0,0,5,False,4.35,0.0,4.35,4.35,0.0,20.6424,0.0004898979485572343,20.642,20.643,0.0010000000000012221,7.8314,0.0004898979485563641,7.831,7.832,0.0009999999999994458,10.0798,0.23942213765648324,9.851,10.374,0.5229999999999997,198.74,7.71279186805919,188.894,207.35,18.45599999999999,42.74,0.0,42.74,42.74,0.0,100.0,0.0,100.0,100.0,0.0
ccrb_50_gap_60,CCRb,5,5,0,0,5,False,5.05,0.0,5.05,5.05,0.0,20.9088,0.025039169315293902,20.859,20.926,0.06699999999999662,7.9578,0.025063120316512637,7.908,7.975,0.06699999999999928,12.2068,0.07982581036231375,12.152,12.364,0.21200000000000152,242.0804,1.6109422832615683,240.996,245.274,4.277999999999992,37.68,0.0,37.68,37.68,0.0,100.0,0.0,100.0,100.0,0.0
ccrb_50_gap_80,CCRb,5,5,0,0,5,False,6.5,0.0,6.5,6.5,0.0,20.7768,0.001469693845669189,20.774,20.778,0.003999999999997783,7.966,0.0015491933384827962,7.963,7.967,0.0039999999999995595,10.254800000000001,0.2789146105889758,9.912,10.595,0.6829999999999998,204.9512,5.5806037809541715,198.1,211.76,13.659999999999997,31.14,0.0,31.14,31.14,0.0,100.0,0.0,100.0,100.0,0.0
ccrb_65_gap_20,CCRb,5,5,0,0,5,False,2.15,0.0,2.15,2.15,0.0,18.211199999999998,0.0009797958971135984,18.21,18.213,0.0030000000000001137,5.164,0.0015491933384827962,5.163,5.167,0.0039999999999995595,10.66,0.16697544729690078,10.523,10.865,0.3420000000000005,140.9376,7.724424162356707,133.64,150.298,16.658000000000015,97.67,0.0,97.67,97.67,0.0,100.0,0.0,100.0,100.0,0.0
ccrb_65_gap_30,CCRb,5,5,0,0,5,False,2.55,0.0,2.55,2.55,0.0,24.5898,0.0007483314773557029,24.589,24.591,0.0020000000000024443,6.7146,0.0020591260281972077,6.711,6.717,0.005999999999999339,10.9424,0.14770863211065274,10.754,11.117,0.3630000000000013,218.6976,2.954524232427278,214.94,222.196,7.256,93.75,0.0,93.75,93.75,0.0,100.0,0.0,100.0,100.0,0.0
ccrb_65_gap_40,CCRb,5,5,0,0,5,False,3.01,0.019999999999999928,3.0,3.05,0.04999999999999982,28.4346,0.30630808020684,27.822,28.592,0.7699999999999996,7.6452,0.1701180766409027,7.305,7.735,0.4300000000000006,11.7536,0.42113541765090245,10.923,12.039,1.1159999999999997,280.2472,85.05668867855131,235.338,450.32,214.982,94.34,0.0,94.34,94.34,0.0,100.0,0.0,100.0,100.0,0.0
ccrb_65_gap_50,CCRb,5,5,0,0,5,False,3.55,0.0,3.55,3.55,0.0,28.883,0.02900344807087591,28.825,28.898,0.0730000000000004,7.6186,0.03870193793597408,7.599,7.696,0.09699999999999953,10.7376,0.6569312292774642,10.202,12.003,1.8010000000000002,158.262,40.147288506199274,133.64,238.12,104.48000000000002,52.99,0.0,52.99,52.99,0.0,100.0,0.0,100.0,100.0,0.0
ccrb_65_gap_60,CCRb,5,5,0,0,5,False,4.1,0.0,4.1,4.1,0.0,28.967399999999998,0.0004898979485572343,28.967,28.968,0.0010000000000012221,7.6386,0.0008000000000002672,7.637,7.639,0.002000000000000668,10.5672,0.23469247964091242,10.202,10.813,0.6110000000000007,139.1788,4.753856977234388,133.64,145.346,11.706000000000017,46.88,0.0,46.88,46.88,0.0,100.0,0.0,100.0,100.0,0.0
ccrb_65_gap_80,CCRb,5,5,0,0,5,False,5.25,0.0,5.25,5.25,0.0,28.2078,0.0031240998703622493,28.206,28.214,0.007999999999999119,7.2992,0.001939071942966483,7.298,7.303,0.004999999999999893,10.2818,0.0003999999999997783,10.281,10.282,0.0009999999999994458,177.15040000000002,4.509306536486519,170.552,182.866,12.314000000000021,40.4,0.0,40.4,40.4,0.0,100.0,0.0,100.0,100.0,0.0
ccrb_80_gap_20,CCRb,5,5,0,0,5,False,2.1,0.0,2.1,2.1,0.0,18.5744,0.022132329294495635,18.556,18.602,0.045999999999999375,1.9664,0.022177466041006597,1.936,1.994,0.05800000000000005,11.100800000000001,0.0004000000000004889,11.1,11.101,0.0010000000000012221,141.414,0.0,141.414,141.414,0.0,97.83,0.0,97.83,97.83,0.0,100.0,0.0,100.0,100.0,0.0
ccrb_80_gap_30,CCRb,5,5,0,0,5,False,2.4,0.0,2.4,2.4,0.0,26.104,0.0161245154965968,26.093,26.136,0.04299999999999926,5.3694,0.02786108397029813,5.319,5.405,0.0860000000000003,10.9528,0.0003999999999997783,10.952,10.953,0.0009999999999994458,146.25879999999998,9.943516126602303,140.91,166.142,25.232,93.916,0.02939387691339925,93.88,93.94,0.060000000000002274,100.0,0.0,100.0,100.0,0.0
ccrb_80_gap_40,CCRb,5,5,0,0,5,False,2.7,0.0,2.7,2.7,0.0,32.6468,0.009152048950917393,32.641,32.665,0.02400000000000091,7.2846,0.018423897524682542,7.257,7.301,0.04400000000000048,12.3924,0.2156539821102313,12.207,12.7,0.49299999999999855,245.8444,4.3358447204668265,242.032,252.044,10.012,94.34,0.0,94.34,94.34,0.0,100.0,0.0,100.0,100.0,0.0
ccrb_80_gap_50,CCRb,5,5,0,0,5,False,3.0,0.0,3.0,3.0,0.0,38.074,0.000894427191001009,38.073,38.075,0.0020000000000024443,8.7562,0.001939071942966043,8.753,8.758,0.004999999999999005,10.8388,0.4226996096520557,10.378,11.377,0.9990000000000006,148.7472,9.043560325447059,141.414,161.422,20.00800000000001,94.74,0.0,94.74,94.74,0.0,100.0,0.0,100.0,100.0,0.0
ccrb_80_gap_60,CCRb,5,5,0,0,5,False,3.4,0.0,3.4,3.4,0.0,40.272600000000004,0.0004898979485589748,40.272,40.273,0.0010000000000047748,8.9358,0.0014696938456697692,8.933,8.937,0.0039999999999995595,10.5948,0.22823882228928563,10.235,10.926,0.6910000000000007,141.414,0.0,141.414,141.414,0.0,56.91,0.0,56.91,56.91,0.0,100.0,0.0,100.0,100.0,0.0
ccrb_80_gap_80,CCRb,5,5,0,0,5,False,4.3,0.0,4.3,4.3,0.0,40.269800000000004,0.03290227955628612,40.204,40.287,0.08299999999999841,8.8848,0.028102668912400718,8.87,8.941,0.0710000000000015,10.3822,0.22992990236156727,10.147,10.758,0.6109999999999989,141.414,0.0,141.414,141.414,0.0,45.39,0.0,45.39,45.39,0.0,100.0,0.0,100.0,100.0,0.0
ccrb_95_gap_20,CCRb,5,0,5,5,5,False,2.1,0.0,2.1,2.1,0.0,18.5836,0.018831887850133188,18.562,18.605,0.04299999999999926,0.0016,0.017350504315437058,-0.018,0.023,0.040999999999999995,136.3308,1.0209018366131004,135.082,137.274,2.1920000000000073,2533.026,20.405155309381982,2508.07,2551.862,43.791999999999916,94.05,0.0,94.05,94.05,0.0,100.0,0.0,100.0,100.0,0.0
ccrb_95_gap_30,CCRb,5,5,0,0,5,False,2.3,0.0,2.3,2.3,0.0,27.0328,0.017600000000000195,27.024,27.068,0.04400000000000048,3.8932,0.01441388219738186,3.885,3.922,0.037000000000000366,11.389,0.0,11.389,11.389,0.0,144.396,6.402575356838837,138.096,153.898,15.801999999999992,94.12,0.0,94.12,94.12,0.0,100.0,0.0,100.0,100.0,0.0
ccrb_95_gap_40,CCRb,5,5,0,0,5,False,2.55,0.0,2.55,2.55,0.0,34.458,0.016577092628081536,34.448,34.491,0.04299999999999926,5.8292,0.012039933554633963,5.819,5.851,0.03200000000000003,11.3332,0.0003999999999997783,11.333,11.334,0.0009999999999994458,137.9456,0.30080000000000384,137.344,138.096,0.7520000000000095,94.452,0.02400000000000091,94.44,94.5,0.060000000000002274,100.0,0.0,100.0,100.0,0.0
ccrb_95_gap_50,CCRb,5,5,0,0,5,False,2.75,0.0,2.75,2.75,0.0,41.8062,0.0076524505878844806,41.791,41.811,0.020000000000003126,8.4422,0.0266112758055682,8.389,8.457,0.06800000000000139,11.013,0.0,11.013,11.013,0.0,186.7468,6.173966323199378,181.878,198.758,16.880000000000024,94.78,0.0,94.78,94.78,0.0,100.0,0.0,100.0,100.0,0.0
ccrb_95_gap_60,CCRb,5,5,0,0,5,False,3.01,0.019999999999999928,3.0,3.05,0.04999999999999982,47.571400000000004,0.36470349600737434,46.842,47.756,0.9140000000000015,9.5894,0.31470341593316026,8.96,9.748,0.7879999999999985,10.517999999999999,0.10400000000000062,10.466,10.726,0.26000000000000156,138.096,0.0,138.096,138.096,0.0,95.08,0.0,95.08,95.08,0.0,100.0,0.0,100.0,100.0,0.0
ccrb_95_gap_80,CCRb,5,5,0,0,5,False,3.65,0.0,3.65,3.65,0.0,53.344,0.0012649110640644038,53.343,53.346,0.0029999999999930083,10.2136,0.0010198039027187582,10.212,10.215,0.0030000000000001137,9.931,0.0,9.931,9.931,0.0,180.4092,6.714982483968219,171.898,190.696,18.798000000000002,51.45,0.0,51.45,51.45,0.0,100.0,0.0,100.0,100.0,0.0
ccrm_100_70_gap_20,CCRm,5,5,0,0,5,False,0.15,0.0,0.15,0.15,0.0,18.964,0.0,18.964,18.964,0.0,14.583,0.0,14.583,14.583,0.0,9.137,0.0,9.137,9.137,0.0,88.472,0.0,88.472,88.472,0.0,32.14,0.0,32.14,32.14,0.0,100.0,0.0,100.0,100.0,0.0
ccrm_100_70_gap_30,CCRm,5,5,0,0,5,False,0.35,0.0,0.35,0.35,0.0,27.3,0.0,27.3,27.3,0.0,16.5538,0.00039999999999906777,16.553,16.554,0.0009999999999976694,9.072,0.0,9.072,9.072,0.0,135.418,0.0,135.418,135.418,0.0,42.76,0.0,42.76,42.76,0.0,100.0,0.0,100.0,100.0,0.0
ccrm_100_70_gap_40,CCRm,5,5,0,0,5,False,1.55,0.0,1.55,1.55,0.0,27.308,0.0021908902300207477,27.305,27.311,0.006000000000000227,19.4026,0.0013564659966252446,19.401,19.405,0.004000000000001336,9.782,0.0,9.782,9.782,0.0,144.394,17.951999999999998,135.418,180.298,44.879999999999995,42.61,0.0,42.61,42.61,0.0,100.0,0.0,100.0,100.0,0.0
ccrm_100_70_gap_50,CCRm,5,5,0,0,5,False,2.7,0.0,2.7,2.7,0.0,27.687,0.004816637831517199,27.682,27.695,0.013000000000001677,22.179,0.003741657386773767,22.175,22.186,0.010999999999999233,9.811399999999999,0.0004898979485563641,9.811,9.812,0.0009999999999994458,148.9604,16.589295555869754,135.418,169.798,34.379999999999995,45.0,0.0,45.0,45.0,0.0,100.0,0.0,100.0,100.0,0.0
ccrm_100_70_gap_60,CCRm,5,5,0,0,5,False,3.95,0.0,3.95,3.95,0.0,27.125,0.017158088471621622,27.113,27.159,0.045999999999999375,21.1578,0.01566397139936092,21.148,21.189,0.04100000000000037,9.8408,0.0003999999999997783,9.84,9.841,0.0009999999999994458,135.418,0.0,135.418,135.418,0.0,52.23,0.0,52.23,52.23,0.0,100.0,0.0,100.0,100.0,0.0
ccrm_100_70_gap_80,CCRm,5,5,0,0,5,False,6.3,0.0,6.3,6.3,0.0,27.509,0.014573949361789993,27.493,27.529,0.036000000000001364,21.4872,0.011855800268223167,21.474,21.502,0.027999999999998693,9.8556,0.0007999999999995566,9.855,9.857,0.0019999999999988916,135.08520000000001,0.40759509319911774,134.586,135.418,0.8319999999999936,51.692,0.18126224096595742,51.47,51.84,0.37000000000000455,100.0,0.0,100.0,100.0,0.0
ccrm_110_80_gap_20,CCRm,5,5,0,0,5,False,0.15,0.0,0.15,0.15,0.0,18.963,0.0,18.963,18.963,0.0,15.012,0.0,15.012,15.012,0.0,9.208,0.0,9.208,9.208,0.0,89.638,0.0,89.638,89.638,0.0,34.29,0.0,34.29,34.29,0.0,100.0,0.0,100.0,100.0,0.0
ccrm_110_80_gap_30,CCRm,5,5,0,0,5,False,0.35,0.0,0.35,0.35,0.0,27.3076,0.017199999999999705,27.299,27.342,0.04299999999999926,16.8434,0.010799999999998987,16.838,16.865,0.02699999999999747,9.125,0.0,9.125,9.125,0.0,194.68,132.132,128.614,458.944,330.33000000000004,45.39,0.0,45.39,45.39,0.0,100.0,0.0,100.0,100.0,0.0
ccrm_110_80_gap_40,CCRm,5,5,0,0,5,False,1.45,0.0,1.45,1.45,0.0,28.1548,0.021821090715177037,28.137,28.183,0.045999999999999375,20.097,0.017584083712267454,20.082,20.12,0.038000000000000256,10.2534,0.0004898979485563641,10.253,10.254,0.0009999999999994458,194.68,132.132,128.614,458.944,330.33000000000004,43.18,0.0,43.18,43.18,0.0,100.0,0.0,100.0,100.0,0.0
ccrm_110_80_gap_50,CCRm,5,5,0,0,5,False,2.51,0.019999999999999928,2.5,2.55,0.04999999999999982,29.2978,0.15140726534747226,28.995,29.375,0.379999999999999,24.298,0.2040029411552682,23.89,24.401,0.5109999999999992,10.2696,0.01730433471705897,10.235,10.279,0.04400000000000048,128.614,0.0,128.614,128.614,0.0,43.2,0.4,43.0,44.0,1.0,100.0,0.0,100.0,100.0,0.0
ccrm_110_80_gap_60,CCRm,5,5,0,0,5,False,3.65,0.0,3.65,3.65,0.0,29.5798,0.007249827584157018,29.572,29.593,0.021000000000000796,23.5274,0.005535341001239411,23.523,23.538,0.015000000000000568,10.3368,0.0003999999999997783,10.336,10.337,0.0009999999999994458,150.5936,43.959199999999996,128.614,238.512,109.898,50.0,0.0,50.0,50.0,0.0,100.0,0.0,100.0,100.0,0.0
ccrm_110_80_gap_80,CCRm,5,5,0,0,5,False,6.15,0.0,6.15,6.15,0.0,28.624200000000002,0.024078205913231565,28.603,28.661,0.05799999999999983,22.5438,0.020922714928994314,22.527,22.575,0.047999999999998266,10.2908,0.0004000000000004889,10.29,10.291,0.0010000000000012221,132.93200000000002,8.636000000000001,128.614,150.204,21.590000000000003,57.35,0.0,57.35,57.35,0.0,100.0,0.0,100.0,100.0,0.0
ccrm_60_30_gap_20,CCRm,5,5,0,0,5,False,0.15,0.0,0.15,0.15,0.0,18.968,0.0,18.968,18.968,0.0,14.169,0.0,14.169,14.169,0.0,8.914,0.0,8.914,8.914,0.0,87.97160000000001,0.0339741077881351,87.93,88.0,0.06999999999999318,20.0,0.0,20.0,20.0,0.0,100.0,0.0,100.0,100.0,0.0
ccrm_60_30_gap_30,CCRm,5,5,0,0,5,False,1.25,0.0,1.25,1.25,0.0,19.8146,0.01670449041425631,19.806,19.848,0.04199999999999804,14.0708,0.011106754701531938,14.065,14.093,0.02800000000000047,9.139,0.0,9.139,9.139,0.0,190.79399999999998,125.964,127.812,442.722,314.90999999999997,35.082,1.0591770390260558,33.79,36.03,2.240000000000002,100.0,0.0,100.0,100.0,0.0
ccrm_60_30_gap_40,CCRm,5,5,0,0,5,False,2.45,0.0,2.45,2.45,0.0,19.8182,0.0014696938456703493,19.817,19.821,0.004000000000001336,14.677200000000001,0.00376297754444531,14.67,14.681,0.010999999999999233,10.254199999999999,0.0004000000000004889,10.254,10.255,0.0010000000000012221,127.812,0.0,127.812,127.812,0.0,43.146,0.9825802766186582,42.59,45.1,2.509999999999998,100.0,0.0,100.0,100.0,0.0
ccrm_60_30_gap_50,CCRm,5,5,0,0,5,False,3.65,0.0,3.65,3.65,0.0,19.8098,0.0014696938456700592,19.808,19.812,0.004000000000001336,14.530999999999999,0.0012649110640674934,14.53,14.533,0.0030000000000001137,10.277,0.0,10.277,10.277,0.0,127.812,0.0,127.812,127.812,0.0,39.89,0.0,39.89,39.89,0.0,100.0,0.0,100.0,100.0,0.0
ccrm_60_30_gap_60,CCRm,5,5,0,0,5,False,4.85,0.0,4.85,4.85,0.0,19.8582,0.02106561178793497,19.841,19.884,0.04299999999999926,14.5676,0.017906423428478743,14.553,14.591,0.03799999999999848,10.277,0.0,10.277,10.277,0.0,127.7824,0.059199999999998455,127.664,127.812,0.14799999999999613,35.022,0.23025203582161818,34.74,35.21,0.46999999999999886,100.0,0.0,100.0,100.0,0.0
ccrm_60_30_gap_80,CCRm,5,5,0,0,5,False,7.3,0.0,7.3,7.3,0.0,19.5136,0.0147864803114194,19.504,19.543,0.038999999999997925,14.3676,0.01379275171965319,14.359,14.395,0.03599999999999959,10.2918,0.0003999999999997783,10.291,10.292,0.0009999999999994458,127.812,0.0,127.812,127.812,0.0,28.96,0.0,28.96,28.96,0.0,100.0,0.0,100.0,100.0,0.0
ccrm_80_50_gap_20,CCRm,5,5,0,0,5,False,0.15,0.0,0.15,0.15,0.0,18.965,0.0,18.965,18.965,0.0,14.447,0.0,14.447,14.447,0.0,9.021,0.0,9.021,9.021,0.0,88.1948,0.04959999999999809,88.17,88.294,0.12399999999999523,26.43,0.0,26.43,26.43,0.0,100.0,0.0,100.0,100.0,0.0
ccrm_80_50_gap_30,CCRm,5,5,0,0,5,False,0.75,0.0,0.75,0.75,0.0,23.9876,0.021555509736492205,23.97,24.014,0.04400000000000048,15.5214,0.012737346662473299,15.511,15.537,0.026000000000001577,8.987,0.0,8.987,8.987,0.0,141.414,0.0,141.414,141.414,0.0,36.84,0.0,36.84,36.84,0.0,100.0,0.0,100.0,100.0,0.0
ccrm_80_50_gap_40,CCRm,5,5,0,0,5,False,1.95,0.0,1.95,1.95,0.0,23.976,0.0010954451150103738,23.974,23.977,0.0030000000000001137,17.5558,0.0019390719429662631,17.553,17.558,0.004999999999999005,10.5604,0.0004898979485563641,10.56,10.561,0.0009999999999994458,146.3596,9.891200000000003,141.414,166.142,24.72800000000001,39.77,0.0,39.77,39.77,0.0,100.0,0.0,100.0,100.0,0.0
ccrm_80_50_gap_50,CCRm,5,5,0,0,5,False,3.1,0.0,3.1,3.1,0.0,24.3496,0.01723484841824848,24.34,24.384,0.04400000000000048,18.3092,0.017792133093027743,18.29,18.343,0.053000000000000824,8.7936,0.000800000000000356,8.793,8.795,0.002000000000000668,141.414,0.0,141.414,141.414,0.0,47.5,0.0,47.5,47.5,0.0,100.0,0.0,100.0,100.0,0.0
ccrm_80_50_gap_60,CCRm,5,5,0,0,5,False,4.3,0.0,4.3,4.3,0.0,24.293200000000002,0.0011661903789690232,24.292,24.295,0.0030000000000001137,18.1992,0.001166190378968901,18.198,18.201,0.0030000000000001137,8.818,0.0,8.818,8.818,0.0,141.414,0.0,141.414,141.414,0.0,49.55,0.0,49.55,49.55,0.0,100.0,0.0,100.0,100.0,0.0
ccrm_80_50_gap_80,CCRm,5,5,0,0,5,False,6.75,0.0,6.75,6.75,0.0,23.948,0.016037456157383938,23.938,23.98,0.04200000000000159,17.9066,0.01374918179383816,17.898,17.934,0.036000000000001364,10.332,0.0,10.332,10.332,0.0,141.414,0.0,141.414,141.414,0.0,40.07,0.0,40.07,40.07,0.0,100.0,0.0,100.0,100.0,0.0
cutin_100_60_gap_25,Cut-in,5,0,5,5,5,False,1.59,0.020000000000000018,1.55,1.6,0.050000000000000044,7.364,0.21500046511577584,7.256,7.794,0.5379999999999994,0.4744,0.0037735924528226232,0.467,0.477,0.009999999999999953,117.8472,7.818876630309497,102.211,121.945,19.733999999999995,2182.4864,161.6511313039287,1859.214,2267.062,407.84799999999996,35.751999999999995,2.124000000000001,34.69,40.0,5.310000000000002,100.0,0.0,100.0,100.0,0.0
cutin_100_60_gap_35,Cut-in,5,5,0,0,5,False,1.75,0.0,1.75,1.75,0.0,15.5596,0.0012000000000000454,15.559,15.562,0.0030000000000001137,7.6562,0.012639620247459831,7.631,7.664,0.032999999999999474,11.3956,0.0017435595774159959,11.394,11.399,0.004999999999999005,135.418,0.0,135.418,135.418,0.0,30.434,0.9879999999999981,29.94,32.41,2.4699999999999953,100.0,0.0,100.0,100.0,0.0
cutin_100_60_gap_45,Cut-in,5,5,0,0,5,False,1.8,0.0,1.8,1.8,0.0,24.9964,0.009707728879609372,24.977,25.002,0.02499999999999858,16.7856,0.008309031231136903,16.769,16.79,0.021000000000000796,11.27,0.0,11.27,11.27,0.0,135.418,0.0,135.418,135.418,0.0,23.189999999999998,0.22000000000000028,23.08,23.63,0.5500000000000007,100.0,0.0,100.0,100.0,0.0
cutin_100_60_gap_60,Cut-in,5,5,0,0,5,False,2.2,0.0,2.2,2.2,0.0,35.524,0.0008944271909978313,35.523,35.525,0.001999999999995339,27.4858,0.0007483314773545634,27.485,27.487,0.0019999999999988916,9.345,0.0,9.345,9.345,0.0,135.418,0.0,135.418,135.418,0.0,20.19,0.0,20.19,20.19,0.0,100.0,0.0,100.0,100.0,0.0
cutin_60_40_gap_25,Cut-in,5,5,0,0,5,False,2.05,0.0,2.05,2.05,0.0,13.6448,0.0007483314773549432,13.644,13.646,0.002000000000000668,11.103,0.0006324555320333254,11.102,11.104,0.0019999999999988916,12.4552,0.9626217117850607,10.53,12.949,2.4190000000000005,252.6896,52.614896649523125,147.46,279.192,131.732,31.55,2.9,30.1,37.35,7.25,100.0,0.0,100.0,100.0,0.0
cutin_60_40_gap_35,Cut-in,5,5,0,0,5,False,3.5,0.0,3.5,3.5,0.0,15.4652,0.001166190378968962,15.464,15.467,0.0030000000000001137,13.0008,0.0007483314773549432,13.0,13.002,0.002000000000000668,10.304,0.0,10.304,10.304,0.0,127.812,0.0,127.812,127.812,0.0,26.78,0.0,26.78,26.78,0.0,100.0,0.0,100.0,100.0,0.0
cutin_60_40_gap_45,Cut-in,5,5,0,0,5,False,5.35,0.0,5.35,5.35,0.0,15.214599999999999,0.001959591794226109,15.211,15.216,0.004999999999999005,12.775,0.002097617696339818,12.771,12.777,0.005999999999998451,10.304,0.0,10.304,10.304,0.0,130.0328,4.441599999999999,127.812,138.916,11.104,37.27,0.0,37.27,37.27,0.0,100.0,0.0,100.0,100.0,0.0
cutin_60_40_gap_60,Cut-in,5,5,0,0,5,False,8.05,0.0,8.05,8.05,0.0,15.299,0.0032863353450312293,15.293,15.302,0.009000000000000341,12.879199999999999,0.0032496153618546382,12.873,12.882,0.009000000000000341,10.304,0.0,10.304,10.304,0.0,127.812,0.0,127.812,127.812,0.0,42.7,0.0,42.7,42.7,0.0,100.0,0.0,100.0,100.0,0.0
cutin_80_50_gap_25,Cut-in,5,5,0,0,5,False,1.79,0.07999999999999997,1.75,1.95,0.19999999999999996,10.1168,0.6814007337829923,8.754,10.459,1.705,5.197,0.6275466516522894,3.942,5.517,1.5750000000000002,11.1358,0.9981006762847124,10.636,13.132,2.4960000000000004,165.21439999999998,47.60080000000001,141.414,260.416,119.00200000000001,54.406,1.7034623564963227,53.41,57.78,4.3700000000000045,100.0,0.0,100.0,100.0,0.0
cutin_80_50_gap_35,Cut-in,5,5,0,0,5,False,1.92,0.05999999999999996,1.8,1.95,0.1499999999999999,19.0306,0.5242055322104112,18.764,20.079,1.3150000000000013,14.063,0.2140065419560812,13.953,14.491,0.5380000000000003,10.8934,0.03070244289954778,10.832,10.909,0.07699999999999996,141.414,0.0,141.414,141.414,0.0,20.812,0.24399999999999977,20.69,21.3,0.6099999999999994,100.0,0.0,100.0,100.0,0.0
cutin_80_50_gap_45,Cut-in,5,5,0,0,5,False,2.45,0.0,2.45,2.45,0.0,24.5664,0.01685941873256669,24.556,24.6,0.04400000000000048,19.0146,0.012815615474880275,19.005,19.04,0.03500000000000014,8.7698,0.0007483314773549432,8.769,8.771,0.002000000000000668,141.3132,0.20159999999999628,140.91,141.414,0.5039999999999907,20.67,0.0,20.67,20.67,0.0,100.0,0.0,100.0,100.0,0.0
cutin_80_50_gap_60,Cut-in,5,5,0,0,5,False,4.3,0.0,4.3,4.3,0.0,24.0312,0.004019950248448638,24.025,24.037,0.012000000000000455,17.9724,0.0026532998322840277,17.969,17.977,0.007999999999999119,10.2862,0.02440000000000069,10.274,10.335,0.06100000000000172,151.30519999999999,12.11419647190849,141.414,166.142,24.72800000000001,32.772,0.445887878283318,32.07,33.48,1.4099999999999966,100.0,0.0,100.0,100.0,0.0
