scenario_id,runs,same_status,same_collision,fusion_pass,radar_pass,fusion_fail,radar_fail,fusion_collision,radar_collision,delta_first_brake_mean_s,delta_brake_gap_mean_m,delta_min_gap_mean_m
ccrb_110_gap_20,5,5,5,0,0,5,5,5,5,0.0,0.003399999999999892,-0.032
ccrb_110_gap_30,5,5,5,5,5,0,0,0,0,0.0,-0.0023999999999993805,-0.00039999999999995595
ccrb_110_gap_40,5,5,5,5,5,0,0,0,0,0.0,0.00039999999999906777,-0.009800000000000076
ccrb_110_gap_50,5,5,5,5,5,0,0,0,0,0.0,-0.02539999999999907,-0.010600000000000165
ccrb_110_gap_60,5,5,5,5,5,0,0,0,0,0.0,-0.004200000000003002,-0.0024000000000008017
ccrb_110_gap_80,5,5,5,5,5,0,0,0,0,0.0,0.015400000000001057,-0.011200000000000543
ccrb_50_gap_20,5,5,5,5,5,0,0,0,0,0.0,-0.00020000000000024442,0.0038000000000000256
ccrb_50_gap_30,5,5,5,5,5,0,0,0,0,0.0,-0.0012000000000000454,-0.00040000000000031124
ccrb_50_gap_40,5,5,5,5,5,0,0,0,0,0.0,-0.0034000000000006026,-0.0019999999999999575
ccrb_50_gap_50,5,5,5,5,5,0,0,0,0,0.0,-0.0035999999999994257,-0.002999999999999936
ccrb_50_gap_60,5,5,5,5,5,0,0,0,0,0.0,-0.009999999999999431,-0.009600000000000008
ccrb_50_gap_80,5,5,5,5,5,0,0,0,0,0.0,0.00020000000000024442,-0.0004000000000001336
ccrb_65_gap_20,5,5,5,5,5,0,0,0,0,0.0,-0.008200000000000074,-0.005599999999999916
ccrb_65_gap_30,5,5,5,5,5,0,0,0,0,0.0,-0.006000000000000938,0.01720000000000006
ccrb_65_gap_40,5,5,5,5,5,0,0,0,0,0.0,0.0007999999999981355,-0.0008000000000000895
ccrb_65_gap_50,5,5,5,5,5,0,0,0,0,0.0,-0.026800000000000778,0.012199999999999989
ccrb_65_gap_60,5,5,5,5,5,0,0,0,0,0.0,-0.0012000000000000454,-0.0016000000000000014
ccrb_65_gap_80,5,5,5,5,5,0,0,0,0,0.0,0.0012000000000000454,0.0007999999999999119
ccrb_80_gap_20,5,5,5,5,5,0,0,0,0,0.0,0.014999999999999857,0.009799999999999942
ccrb_80_gap_30,5,5,5,5,5,0,0,0,0,0.0,0.007600000000000051,-0.005800000000000161
ccrb_80_gap_40,5,5,5,5,5,0,0,0,0,0.0,-0.0132000000000005,0.017999999999999794
ccrb_80_gap_50,5,5,5,5,5,0,0,0,0,0.0,-0.007799999999998875,-0.006800000000000139
ccrb_80_gap_60,5,5,5,5,5,0,0,0,0,0.0,-0.0069999999999993175,-0.00400000000000027
ccrb_80_gap_80,5,5,5,5,5,0,0,0,0,0.0,-0.017799999999998307,0.013200000000000146
ccrb_95_gap_20,5,5,5,0,0,5,5,5,5,0.0,0.02120000000000033,-0.0194
ccrb_95_gap_30,5,5,5,5,5,0,0,0,0,0.0,-0.0017999999999993577,0.00259999999999998
ccrb_95_gap_40,5,5,5,5,5,0,0,0,0,0.0,0.007799999999998875,0.002200000000000202
ccrb_95_gap_50,5,5,5,5,5,0,0,0,0,0.0,-0.013400000000001456,-0.02300000000000004
ccrb_95_gap_60,5,5,5,5,5,0,0,0,0,0.009999999999999964,-0.18299999999999841,-0.15980000000000025
ccrb_95_gap_80,5,5,5,5,5,0,0,0,0,0.0,-0.0012000000000000454,-0.0004000000000001336
ccrm_100_70_gap_20,5,5,5,5,5,0,0,0,0,0.0,-0.025200000000000954,0.2844000000000001
ccrm_100_70_gap_30,5,5,5,5,5,0,0,0,0,-0.010000000000000009,0.08260000000000005,-0.010600000000000165
ccrm_100_70_gap_40,5,5,5,5,5,0,0,0,0,0.0,-0.008399999999999607,-0.006000000000000227
ccrm_100_70_gap_50,5,5,5,5,5,0,0,0,0,-0.009999999999999964,0.08160000000000096,0.10180000000000007
ccrm_100_70_gap_60,5,5,5,5,5,0,0,0,0,0.0,0.0027999999999991586,-0.0025999999999989144
ccrm_100_70_gap_80,5,5,5,5,5,0,0,0,0,-0.009999999999999964,0.0857999999999997,0.06880000000000024
ccrm_110_80_gap_20,5,5,5,5,5,0,0,0,0,0.0,0.0,0.0
ccrm_110_80_gap_30,5,5,5,5,5,0,0,0,0,0.0,0.008599999999999853,0.005599999999999739
ccrm_110_80_gap_40,5,5,5,5,5,0,0,0,0,0.0,0.013800000000000524,0.018599999999999995
ccrm_110_80_gap_50,5,5,5,5,5,0,0,0,0,0.009999999999999964,-0.08160000000000026,-0.10860000000000056
ccrm_110_80_gap_60,5,5,5,5,5,0,0,0,0,0.0,-0.010200000000000386,-0.00940000000000012
ccrm_110_80_gap_80,5,5,5,5,5,0,0,0,0,0.0,0.01600000000000108,-0.009199999999999164
ccrm_60_30_gap_20,5,5,5,5,5,0,0,0,0,-0.010000000000000004,0.07479999999999976,0.09359999999999999
ccrm_60_30_gap_30,5,5,5,5,5,0,0,0,0,0.0,-0.0003999999999997783,-0.00040000000000048883
ccrm_60_30_gap_40,5,5,5,5,5,0,0,0,0,0.0,-0.013799999999999812,-0.010199999999999676
ccrm_60_30_gap_50,5,5,5,5,5,0,0,0,0,0.0,-0.002199999999999136,-0.001400000000000645
ccrm_60_30_gap_60,5,5,5,5,5,0,0,0,0,0.0,0.015800000000000834,0.013599999999999923
ccrm_60_30_gap_80,5,5,5,5,5,0,0,0,0,0.0,0.006399999999999295,0.005599999999999739
ccrm_80_50_gap_20,5,5,5,5,5,0,0,0,0,0.0,0.0,0.0
ccrm_80_50_gap_30,5,5,5,5,5,0,0,0,0,0.0,0.017199999999999705,0.010400000000000631
ccrm_80_50_gap_40,5,5,5,5,5,0,0,0,0,0.0,-0.008599999999999853,-0.00519999999999996
ccrm_80_50_gap_50,5,5,5,5,5,0,0,0,0,0.0,0.007600000000000051,0.007999999999999119
ccrm_80_50_gap_60,5,5,5,5,5,0,0,0,0,0.0,-0.013599999999998858,-0.01039999999999992
ccrm_80_50_gap_80,5,5,5,5,5,0,0,0,0,0.0,-0.0020000000000003127,-0.0020000000000003127
cutin_100_60_gap_25,5,5,5,0,0,5,5,5,5,0.0,-0.008200000000000074,0.0018000000000000017
cutin_100_60_gap_35,5,5,5,5,5,0,0,0,0,0.02999999999999998,-0.3522000000000002,-0.3369999999999999
cutin_100_60_gap_45,5,5,5,5,5,0,0,0,0,0.0,0.0036000000000001365,-0.001600000000001245
cutin_100_60_gap_60,5,5,5,5,5,0,0,0,0,0.0,-0.003999999999997783,-0.007000000000000029
cutin_60_40_gap_25,5,5,5,5,5,0,0,0,0,0.0,0.000600000000000378,0.0007999999999999119
cutin_60_40_gap_35,5,5,5,5,5,0,0,0,0,0.0,-0.015800000000000126,-0.015200000000000102
cutin_60_40_gap_45,5,5,5,5,5,0,0,0,0,0.0,-0.0028000000000002246,-0.0025999999999996247
cutin_60_40_gap_60,5,5,5,5,5,0,0,0,0,0.0,-0.017200000000000416,-0.01659999999999968
cutin_80_50_gap_25,5,5,5,5,5,0,0,0,0,0.09000000000000004,-0.7728000000000002,-0.7406000000000003
cutin_80_50_gap_35,5,5,5,5,5,0,0,0,0,0.06999999999999988,-0.5820000000000007,-0.1904000000000007
cutin_80_50_gap_45,5,5,5,5,5,0,0,0,0,0.0,-0.007000000000000029,-0.0040000000000006255
cutin_80_50_gap_60,5,5,5,5,5,0,0,0,0,0.0,-0.010199999999999676,-0.006000000000000227
